[
  {
    "id": 1,
    "user_id": "Aditya",
    "timestamp": "2025-03-29T06:13:55.675396",
    "analysis_type": "plant",
    "image_path": "uploads\\20250329_114355_e6843c87.jpeg",
    "results": {
      "plant_info": {
        "id": 4,
        "name": "Tomato",
        "scientific_name": "Zea mays",
        "probability": 98.10880285196882,
        "details": {
          "family": "Poaceae (Grass)",
          "growing_season": "Summer",
          "days_to_maturity": "60-100 days",
          "sunlight": "Full sun",
          "watering": "Moderate to high water needs"
        }
      },
      "plant_details": {
        "crop_type": "Tomato",
        "plant_age": null,
        "symptoms": null,
        "planting_date": "2025-03-29",
        "irrigation_method": null,
        "previous_treatments": null
      },
      "water_content": {
        "percentage": 35,
        "status": "Slightly Dehydrated",
        "recommendation": "Consider increasing watering frequency slightly.",
        "color": "#FFC107"
      },
      "diseases": [
        {
          "id": 4,
          "name": "Septoria Leaf Spot",
          "description": "Fungal disease causing small, circular spots with dark borders on lower leaves.",
          "treatments": [
            "Remove affected leaves",
            "Apply fungicide containing chlorothalonil or copper",
            "Mulch around plants to prevent soil splash",
            "Avoid overhead watering",
            "Practice crop rotation"
          ],
          "probability": 76.53328848211977
        },
        {
          "id": 1,
          "name": "Healthy",
          "description": "The plant appears healthy with no visible signs of disease.",
          "treatments": [],
          "probability": 16.319673833050658
        },
        {
          "id": 3,
          "name": "Late Blight",
          "description": "Water mold infection causing dark, water-soaked spots on leaves and stems.",
          "treatments": [
            "Remove and destroy infected plants promptly",
            "Apply copper-based fungicide or other approved fungicides",
            "Avoid overhead irrigation",
            "Ensure good air circulation",
            "Use resistant varieties in future plantings"
          ],
          "probability": 14.560644941177365
        }
      ],
      "pests": {
        "name": "No Pests Detected",
        "infestation_level": "None",
        "description": "No signs of pest activity detected in this image.",
        "damage": "",
        "control_methods": [
          "Regular monitoring for early detection",
          "Maintain plant health to increase pest resistance",
          "Encourage beneficial insects like ladybugs and lacewings",
          "Practice crop rotation to prevent pest buildup"
        ]
      },
      "preventive_measures": [
        "Regularly inspect plants for signs of disease or pest damage",
        "Choose disease-resistant varieties when available",
        "Practice crop rotation to prevent buildup of soil-borne pathogens",
        "Maintain good air circulation around plants",
        "Apply appropriate organic or chemical fungicides preventatively during high-risk periods",
        "Provide support (cages or stakes) to keep plants off the ground",
        "Prune to improve air circulation and remove lower leaves that touch the soil",
        "Apply mulch to prevent soil-borne disease splash",
        "Space plants adequately (at least 2 feet apart) for air circulation",
        "Consider using a fungicide spray schedule during wet periods",
        "Remove infected leaves promptly",
        "Apply appropriate fungicide",
        "Mulch around plants to prevent soil splash",
        "Avoid handling plants when wet",
        "Increase plant spacing"
      ],
      "fertilizer_recommendations": [
        {
          "name": "Slow-Release Granular Fertilizer",
          "npk": "14-14-14",
          "description": "Provides a steady supply of nutrients over several months, reducing the need for frequent applications.",
          "application": "Apply once at planting and again midway through the growing season. Follow package directions for specific application rates."
        },
        {
          "name": "Organic Compost",
          "npk": "Varies (typically 1-1-1)",
          "description": "A natural soil amendment that improves soil structure, adds organic matter, and provides a range of nutrients in small amounts.",
          "application": "Add 1-3 inches to garden soil and incorporate before planting. Can also be used as a top dressing around established plants."
        },
        {
          "name": "Tomato Fertilizer",
          "npk": "5-10-10",
          "description": "Lower in nitrogen and higher in phosphorus and potassium to promote fruit development rather than excessive leaf growth.",
          "application": "Apply at planting time and again when first fruits are about golf ball size. Follow package directions for specific rates."
        },
        {
          "name": "CalMag Plus",
          "npk": "Contains calcium and magnesium",
          "description": "Prevents calcium deficiency which can cause blossom end rot in tomatoes.",
          "application": "Apply as a foliar spray or soil drench every 2-3 weeks during fruiting period."
        }
      ],
      "maharashtra_recommendations": {
        "general": {
          "irrigation": {
            "title": "Irrigation Practices",
            "content": "Maharashtra frequently faces water scarcity. Consider drip irrigation to conserve water while improving crop yields."
          },
          "climate": {
            "title": "Climate Considerations",
            "content": "Maharashtra has diverse climate zones. Be aware of monsoon patterns and prepare for occasional drought conditions."
          },
          "soil": {
            "title": "Soil Management",
            "content": "Most Maharashtra soils benefit from organic matter addition to improve water retention and fertility."
          }
        },
        "specific": {
          "varieties": {
            "title": "Recommended Varieties",
            "content": "For Maharashtra: Pusa Ruby, Arka Vikas, Arka Saurabh, and Pusa Early Dwarf perform well in local conditions."
          },
          "planting": {
            "title": "Planting Season",
            "content": "Best planted from June-July (kharif) or November-December (rabi) in Maharashtra."
          },
          "pests": {
            "title": "Local Pest Management",
            "content": "Fruit borer and leaf curl virus are common in Maharashtra tomato crops. Consider neem-based sprays and resistant varieties."
          },
          "markets": {
            "title": "Market Information",
            "content": "Major tomato markets in Maharashtra include Pimpalgaon, Nashik, and Pune APMC."
          }
        },
        "resources": {
          "title": "Maharashtra Agricultural Resources",
          "content": [
            {
              "name": "Maharashtra Krishi Vibhag (Agriculture Department)",
              "link": "https://krishi.maharashtra.gov.in/"
            },
            {
              "name": "Mahabeej (Maharashtra State Seeds Corporation)",
              "link": "http://mahabeej.com/"
            },
            {
              "name": "Maharashtra Agricultural Universities",
              "link": "https://www.mcaer.org/"
            }
          ]
        }
      }
    }
  },
  {
    "id": 2,
    "user_id": "Aditya",
    "timestamp": "2025-03-29T16:06:40.100860",
    "analysis_type": "plant",
    "image_path": "uploads\\20250329_213640_ce9c451d.jpg",
    "results": {
      "plant_info": {
        "id": 4,
        "name": "Onion",
        "scientific_name": "Zea mays",
        "probability": 99.81272533827716,
        "details": {
          "family": "Poaceae (Grass)",
          "growing_season": "Summer",
          "days_to_maturity": "60-100 days",
          "sunlight": "Full sun",
          "watering": "Moderate to high water needs"
        }
      },
      "plant_details": {
        "crop_type": "Onion",
        "plant_age": "Fruiting",
        "symptoms": null,
        "planting_date": "2024-12-11",
        "irrigation_method": "Flood Irrigation",
        "previous_treatments": null
      },
      "water_content": {
        "percentage": 41,
        "status": "Slightly Dehydrated",
        "recommendation": "Consider increasing watering frequency slightly.",
        "color": "#FFC107"
      },
      "diseases": [
        {
          "id": 4,
          "name": "White Rot",
          "description": "Soil-borne fungal disease (Sclerotium cepivorum) affecting the bulb and roots, causing yellowing and wilting of leaves starting from older outer leaves. White fluffy fungal growth and small black sclerotia appear on the bulb base.",
          "treatments": [
            "Remove and destroy infected plants and bulbs completely",
            "Practice long crop rotation (minimum 8 years for heavily infested soil)",
            "Plant in well-drained soil with good tilth",
            "Use disease-free sets or transplants from certified sources",
            "Soil solarization during hot summer months may reduce fungal populations",
            "Avoid moving soil from infested fields to clean areas",
            "Some soil fungicides may help in commercial production"
          ],
          "probability": 96.82326410035785
        },
        {
          "id": 1,
          "name": "Healthy",
          "description": "The onion plant appears healthy with no visible signs of disease.",
          "treatments": [],
          "probability": 4.091961015022595
        }
      ],
      "pests": {
        "name": "Spider Mites",
        "infestation_level": "High",
        "description": "Tiny arachnids that feed on plant cells, typically found on the undersides of leaves. May produce fine webbing in severe infestations.",
        "damage": "Stippled or speckled leaves, yellowing, bronzing, and premature leaf drop. Severe infestations can kill plants.",
        "control_methods": [
          "Increase humidity and regularly mist plants",
          "Apply insecticidal soap or horticultural oil",
          "Introduce predatory mites as biological control",
          "Remove severely infested plants",
          "Maintain plant health and adequate watering"
        ]
      },
      "preventive_measures": [
        "Choose disease-resistant varieties when available",
        "Maintain good air circulation around plants",
        "Practice crop rotation to prevent buildup of soil-borne pathogens",
        "Clean tools and equipment to prevent disease spread",
        "Apply appropriate organic or chemical fungicides preventatively during high-risk periods",
        "Use disease-free sets or transplants",
        "Ensure proper spacing for good air circulation",
        "Rotate with non-allium crops for at least 3 years",
        "Control weeds that may harbor pests or diseases",
        "Harvest and cure properly for storage"
      ],
      "fertilizer_recommendations": [
        {
          "name": "Balanced All-Purpose Fertilizer",
          "npk": "10-10-10",
          "description": "A balanced fertilizer that provides equal amounts of nitrogen, phosphorus, and potassium. Suitable for most garden plants.",
          "application": "Apply 2-3 pounds per 100 square feet of garden area, or according to package directions. Incorporate into the soil before planting or apply as a side dressing during the growing season."
        },
        {
          "name": "Organic Compost",
          "npk": "Varies (typically 1-1-1)",
          "description": "A natural soil amendment that improves soil structure, adds organic matter, and provides a range of nutrients in small amounts.",
          "application": "Add 1-3 inches to garden soil and incorporate before planting. Can also be used as a top dressing around established plants."
        },
        {
          "name": "Nitrogen-Rich Fertilizer",
          "npk": "21-0-0",
          "description": "Onions are heavy nitrogen feeders during their vegetative growth phase.",
          "application": "Apply when bulbs begin to form and again 3-4 weeks later. Avoid late-season nitrogen which can delay maturity."
        },
        {
          "name": "Balanced Vegetable Fertilizer",
          "npk": "10-10-10",
          "description": "Provides all necessary macronutrients for onion growth.",
          "application": "Apply at planting and again when bulbs begin to swell."
        }
      ],
      "maharashtra_recommendations": {
        "general": {
          "irrigation": {
            "title": "Irrigation Practices",
            "content": "Maharashtra frequently faces water scarcity. Consider drip irrigation to conserve water while improving crop yields."
          },
          "climate": {
            "title": "Climate Considerations",
            "content": "Maharashtra has diverse climate zones. Be aware of monsoon patterns and prepare for occasional drought conditions."
          },
          "soil": {
            "title": "Soil Management",
            "content": "Most Maharashtra soils benefit from organic matter addition to improve water retention and fertility."
          }
        },
        "specific": {
          "varieties": {
            "title": "Recommended Varieties",
            "content": "For Maharashtra: N-53, Agrifound Dark Red, Baswant 780, and Phule Samarth are well adapted to local conditions."
          },
          "planting": {
            "title": "Planting Season",
            "content": "In Maharashtra, kharif onions are planted in May-June, and rabi onions in October-November for best results."
          },
          "storage": {
            "title": "Storage Practices",
            "content": "Store in well-ventilated structures with proper curing. Maharashtra's Nashik district has specialized onion storage structures (chawls) that can be adapted."
          },
          "markets": {
            "title": "Market Information",
            "content": "Lasalgaon in Nashik district hosts India's largest onion market. Other major markets include Pune and Solapur APMC."
          }
        },
        "resources": {
          "title": "Maharashtra Agricultural Resources",
          "content": [
            {
              "name": "Maharashtra Krishi Vibhag (Agriculture Department)",
              "link": "https://krishi.maharashtra.gov.in/"
            },
            {
              "name": "Mahabeej (Maharashtra State Seeds Corporation)",
              "link": "http://mahabeej.com/"
            },
            {
              "name": "Maharashtra Agricultural Universities",
              "link": "https://www.mcaer.org/"
            }
          ]
        }
      }
    }
  },
  {
    "id": 3,
    "user_id": "Aditya",
    "timestamp": "2025-03-29T16:07:53.940470",
    "analysis_type": "soil",
    "image_path": "uploads\\20250329_213753_597d35da.jpeg",
    "results": {
      "type": "Silty",
      "properties": {
        "type": "Silty",
        "pH": 5.6,
        "organic_matter": "8%",
        "nitrogen": "54 ppm",
        "phosphorus": "53 ppm",
        "potassium": "222 ppm",
        "moisture": "23%"
      },
      "recommendations": [
        "Roses",
        "Tomatoes",
        "Lettuce",
        "Garlic",
        "Onions"
      ],
      "context": {
        "rainfall": "Moderate",
        "season": "Winter"
      }
    }
  },
  {
    "id": 4,
    "user_id": "Aditya",
    "timestamp": "2025-03-29T16:25:11.903489",
    "analysis_type": "plant",
    "image_path": "uploads\\20250329_215511_4b2447ae.jpeg",
    "results": {
      "plant_info": {
        "id": 5,
        "name": "Onion",
        "scientific_name": "Capsicum annuum",
        "probability": 96.84742373426757,
        "details": {
          "family": "Solanaceae (Nightshade)",
          "growing_season": "Summer to Fall",
          "days_to_maturity": "60-90 days",
          "sunlight": "Full sun",
          "watering": "Regular, consistent moisture"
        }
      },
      "plant_details": {
        "crop_type": "Onion",
        "plant_age": "Mature",
        "symptoms": null,
        "planting_date": "2024-12-18",
        "irrigation_method": "Flood Irrigation",
        "previous_treatments": null
      },
      "water_content": {
        "percentage": 34,
        "status": "Slightly Dehydrated",
        "recommendation": "Consider increasing watering frequency slightly.",
        "color": "#FFC107"
      },
      "diseases": [
        {
          "id": 1,
          "name": "Healthy",
          "description": "The onion plant appears healthy with no visible signs of disease.",
          "treatments": [],
          "probability": 95.23082620584866
        },
        {
          "id": 3,
          "name": "Downy Mildew",
          "description": "Fungal-like disease (Peronospora destructor) causing pale or light green oval spots on leaves with gray-purple fuzzy growth in humid conditions. Leaves may eventually collapse.",
          "treatments": [
            "Apply preventative fungicide containing mancozeb or copper before symptoms appear",
            "Improve air circulation with proper plant spacing",
            "Water in the morning so foliage can dry quickly",
            "Remove and destroy infected plants immediately",
            "Practice strict crop rotation (minimum 3 years)",
            "Plant in well-drained soil with good air movement",
            "Use disease-free transplants and seeds"
          ],
          "probability": 9.113337284981627
        }
      ],
      "pests": {
        "name": "Aphids",
        "infestation_level": "Moderate",
        "description": "Small, soft-bodied insects that cluster on new growth and the undersides of leaves, sucking plant sap.",
        "damage": "Stunted growth, yellowed leaves, curled or distorted foliage, and sticky honeydew that can lead to sooty mold.",
        "control_methods": [
          "Spray plants with strong water stream to dislodge aphids",
          "Apply insecticidal soap or neem oil",
          "Introduce natural predators like ladybugs or lacewings",
          "Remove severely infested portions of plants",
          "Use yellow sticky traps to monitor population"
        ]
      },
      "preventive_measures": [
        "Implement strict sanitation: disinfect tools with 70% alcohol between plants",
        "Maintain optimal plant spacing for good air circulation (prevents 85% of fungal issues)",
        "Record pest/disease occurrences to predict and prevent future outbreaks",
        "Monitor plants weekly with a 10x magnifier for early pest/disease detection",
        "Introduce beneficial insects 2 weeks before expected pest outbreaks",
        "Use drip irrigation instead of overhead (reduces disease spread by 40%)",
        "Maintain soil pH between 6.0-6.8 for optimal nutrient availability",
        "Apply 2-3 inches of organic mulch (reduces soil-borne disease splash by 75%)"
      ],
      "fertilizer_recommendations": [
        {
          "type": "general",
          "name": "Balanced NPK (10-10-10)",
          "npk": "10-10-10",
          "description": "Provides equal parts nitrogen (N), phosphorus (P), and potassium (K). Nitrogen promotes leaf growth, phosphorus supports root and flower development, potassium enhances overall plant health.",
          "application": "Apply 2-3 lbs per 100 sq ft before planting and side-dress during active growth. Water thoroughly after application.",
          "conditions": "General purpose for most plants during vegetative growth",
          "scientific_backing": "University studies show balanced NPK improves yield by 15-20% over unfertilized controls"
        },
        {
          "type": "organic",
          "name": "Compost Tea",
          "npk": "Varies (typically 1-1-1)",
          "description": "Liquid extract of compost containing beneficial microbes, nutrients, and organic compounds that improve soil biology and plant health.",
          "application": "Apply as soil drench (5 gal/100 sq ft) or foliar spray (diluted 1:5) every 2-4 weeks.",
          "conditions": "All plants, especially when microbial activity is desired",
          "scientific_backing": "Research demonstrates 30-50% increase in beneficial soil microbes after application"
        }
      ],
      "maharashtra_recommendations": {
        "general": {
          "irrigation": {
            "title": "Irrigation Practices",
            "content": "Maharashtra frequently faces water scarcity. Consider drip irrigation to conserve water while improving crop yields."
          },
          "climate": {
            "title": "Climate Considerations",
            "content": "Maharashtra has diverse climate zones. Be aware of monsoon patterns and prepare for occasional drought conditions."
          },
          "soil": {
            "title": "Soil Management",
            "content": "Most Maharashtra soils benefit from organic matter addition to improve water retention and fertility."
          }
        },
        "specific": {
          "varieties": {
            "title": "Recommended Varieties",
            "content": "For Maharashtra: N-53, Agrifound Dark Red, Baswant 780, and Phule Samarth are well adapted to local conditions."
          },
          "planting": {
            "title": "Planting Season",
            "content": "In Maharashtra, kharif onions are planted in May-June, and rabi onions in October-November for best results."
          },
          "storage": {
            "title": "Storage Practices",
            "content": "Store in well-ventilated structures with proper curing. Maharashtra's Nashik district has specialized onion storage structures (chawls) that can be adapted."
          },
          "markets": {
            "title": "Market Information",
            "content": "Lasalgaon in Nashik district hosts India's largest onion market. Other major markets include Pune and Solapur APMC."
          }
        },
        "resources": {
          "title": "Maharashtra Agricultural Resources",
          "content": [
            {
              "name": "Maharashtra Krishi Vibhag (Agriculture Department)",
              "link": "https://krishi.maharashtra.gov.in/"
            },
            {
              "name": "Mahabeej (Maharashtra State Seeds Corporation)",
              "link": "http://mahabeej.com/"
            },
            {
              "name": "Maharashtra Agricultural Universities",
              "link": "https://www.mcaer.org/"
            }
          ]
        }
      }
    }
  },
  {
    "id": 5,
    "user_id": "Aditya",
    "timestamp": "2025-03-29T16:27:21.179626",
    "analysis_type": "plant",
    "image_path": "uploads\\20250329_215721_dde329f6.jpg",
    "results": {
      "plant_info": {
        "id": 2,
        "name": "Tomato",
        "scientific_name": "Allium cepa",
        "probability": 98.55068697642534,
        "details": {
          "family": "Amaryllidaceae",
          "growing_season": "Cool season crop",
          "days_to_maturity": "90-120 days",
          "sunlight": "Full sun",
          "watering": "Moderate, consistent moisture"
        }
      },
      "plant_details": {
        "crop_type": "Tomato",
        "plant_age": "Fruiting",
        "symptoms": null,
        "planting_date": "2024-12-06",
        "irrigation_method": "Drip Irrigation",
        "previous_treatments": null
      },
      "water_content": {
        "percentage": 45,
        "status": "Adequately Hydrated",
        "recommendation": "Maintain the current watering schedule, but monitor for signs of dryness.",
        "color": "#8BC34A"
      },
      "diseases": [
        {
          "id": 1,
          "name": "Healthy",
          "description": "The plant appears healthy with no visible signs of disease.",
          "treatments": [],
          "probability": 98.20777905505558
        },
        {
          "id": 2,
          "name": "Early Blight",
          "description": "Fungal disease characterized by brown spots with concentric rings on lower leaves.",
          "treatments": [
            "Remove and destroy affected leaves",
            "Apply fungicide containing chlorothalonil or copper",
            "Improve air circulation around plants",
            "Water at the base to avoid wetting foliage",
            "Practice crop rotation"
          ],
          "probability": 17.327838755347337
        },
        {
          "id": 4,
          "name": "Septoria Leaf Spot",
          "description": "Fungal disease causing small, circular spots with dark borders on lower leaves.",
          "treatments": [
            "Remove affected leaves",
            "Apply fungicide containing chlorothalonil or copper",
            "Mulch around plants to prevent soil splash",
            "Avoid overhead watering",
            "Practice crop rotation"
          ],
          "probability": 17.725565217949743
        }
      ],
      "pests": {
        "name": "Aphids",
        "infestation_level": "Moderate",
        "description": "Small, soft-bodied insects that cluster on new growth and the undersides of leaves, sucking plant sap.",
        "damage": "Stunted growth, yellowed leaves, curled or distorted foliage, and sticky honeydew that can lead to sooty mold.",
        "control_methods": [
          "Spray plants with strong water stream to dislodge aphids",
          "Apply insecticidal soap or neem oil",
          "Introduce natural predators like ladybugs or lacewings",
          "Remove severely infested portions of plants",
          "Use yellow sticky traps to monitor population"
        ]
      },
      "preventive_measures": [
        "Stake plants at 45\u00b0 angle for maximum sun exposure and air flow",
        "Prune to 2-3 main stems for optimal airflow (reduces disease pressure 30%)",
        "Apply calcium nitrate foliar spray weekly to prevent blossom end rot",
        "Record pest/disease occurrences to predict and prevent future outbreaks",
        "Maintain optimal plant spacing for good air circulation (prevents 85% of fungal issues)",
        "Maintain soil pH between 6.0-6.8 for optimal nutrient availability",
        "Introduce beneficial insects 2 weeks before expected pest outbreaks",
        "Monitor plants weekly with a 10x magnifier for early pest/disease detection"
      ],
      "fertilizer_recommendations": [
        {
          "type": "general",
          "name": "Balanced NPK (10-10-10)",
          "npk": "10-10-10",
          "description": "Provides equal parts nitrogen (N), phosphorus (P), and potassium (K). Nitrogen promotes leaf growth, phosphorus supports root and flower development, potassium enhances overall plant health.",
          "application": "Apply 2-3 lbs per 100 sq ft before planting and side-dress during active growth. Water thoroughly after application.",
          "conditions": "General purpose for most plants during vegetative growth",
          "scientific_backing": "University studies show balanced NPK improves yield by 15-20% over unfertilized controls"
        },
        {
          "type": "mineral",
          "name": "Rock Phosphate",
          "npk": "0-20-0",
          "description": "Slow-release source of phosphorus that becomes available over 2-3 years. Ideal for building long-term soil phosphorus reserves.",
          "application": "Apply 5-10 lbs per 100 sq ft and incorporate into soil before planting. Does not dissolve in water.",
          "conditions": "Soils testing low in phosphorus, perennial crops",
          "scientific_backing": "Long-term studies show cumulative benefits over 3-5 year period"
        },
        {
          "type": "vegetative",
          "name": "Calcium Nitrate",
          "npk": "15-0-0 + 19% Ca",
          "description": "Provides readily available nitrogen and prevents blossom end rot by supplying calcium during fruit development.",
          "application": "Apply 1-2 tbsp/gal as foliar spray or 1 lb/100 sq ft as side-dress when first fruits are marble-sized.",
          "scientific_backing": "Trials show 80% reduction in blossom end rot with proper calcium nutrition"
        }
      ],
      "maharashtra_recommendations": {
        "general": {
          "irrigation": {
            "title": "Irrigation Practices",
            "content": "Maharashtra frequently faces water scarcity. Consider drip irrigation to conserve water while improving crop yields."
          },
          "climate": {
            "title": "Climate Considerations",
            "content": "Maharashtra has diverse climate zones. Be aware of monsoon patterns and prepare for occasional drought conditions."
          },
          "soil": {
            "title": "Soil Management",
            "content": "Most Maharashtra soils benefit from organic matter addition to improve water retention and fertility."
          }
        },
        "specific": {
          "varieties": {
            "title": "Recommended Varieties",
            "content": "For Maharashtra: Pusa Ruby, Arka Vikas, Arka Saurabh, and Pusa Early Dwarf perform well in local conditions."
          },
          "planting": {
            "title": "Planting Season",
            "content": "Best planted from June-July (kharif) or November-December (rabi) in Maharashtra."
          },
          "pests": {
            "title": "Local Pest Management",
            "content": "Fruit borer and leaf curl virus are common in Maharashtra tomato crops. Consider neem-based sprays and resistant varieties."
          },
          "markets": {
            "title": "Market Information",
            "content": "Major tomato markets in Maharashtra include Pimpalgaon, Nashik, and Pune APMC."
          }
        },
        "resources": {
          "title": "Maharashtra Agricultural Resources",
          "content": [
            {
              "name": "Maharashtra Krishi Vibhag (Agriculture Department)",
              "link": "https://krishi.maharashtra.gov.in/"
            },
            {
              "name": "Mahabeej (Maharashtra State Seeds Corporation)",
              "link": "http://mahabeej.com/"
            },
            {
              "name": "Maharashtra Agricultural Universities",
              "link": "https://www.mcaer.org/"
            }
          ]
        }
      }
    }
  },
  {
    "id": 6,
    "user_id": "Aditya",
    "timestamp": "2025-04-01T09:57:59.095070",
    "analysis_type": "plant",
    "image_path": "uploads\\20250401_152759_654671c7.jpg",
    "results": {
      "plant_info": {
        "id": 1,
        "name": "Onion",
        "scientific_name": "Solanum lycopersicum",
        "probability": 93.74057552729471,
        "details": {
          "family": "Solanaceae (Nightshade)",
          "growing_season": "Spring to Fall",
          "days_to_maturity": "60-85 days",
          "sunlight": "Full sun (6-8 hours)",
          "watering": "Regular, consistent moisture"
        }
      },
      "plant_details": {
        "crop_type": "Onion",
        "plant_age": "Fruiting",
        "symptoms": null,
        "planting_date": "2025-12-18",
        "irrigation_method": "Flood Irrigation",
        "previous_treatments": null
      },
      "water_content": {
        "percentage": 45,
        "status": "Adequately Hydrated",
        "recommendation": "Maintain the current watering schedule, but monitor for signs of dryness.",
        "color": "#8BC34A"
      },
      "diseases": [
        {
          "id": 2,
          "name": "Purple Blotch",
          "description": "Fungal disease (Alternaria porri) causing elliptical purplish lesions on leaves that enlarge and turn brown with concentric rings. Severe cases show leaf dieback from the tip.",
          "treatments": [
            "Apply fungicide with chlorothalonil, azoxystrobin, or mancozeb",
            "Ensure proper plant spacing (10-15 cm) for good air circulation",
            "Avoid overhead irrigation and water at soil level",
            "Remove and destroy infected plant material promptly",
            "Practice 3-4 year crop rotation with non-allium crops",
            "Plant resistant varieties when available"
          ],
          "probability": 87.11510239596288
        },
        {
          "id": 1,
          "name": "Healthy",
          "description": "The onion plant appears healthy with no visible signs of disease.",
          "treatments": [],
          "probability": 3.2379361532322193
        }
      ],
      "pests": {
        "name": "Spider Mites",
        "infestation_level": "Moderate",
        "description": "Tiny arachnids that feed on plant cells, typically found on the undersides of leaves. May produce fine webbing in severe infestations.",
        "damage": "Stippled or speckled leaves, yellowing, bronzing, and premature leaf drop. Severe infestations can kill plants.",
        "control_methods": [
          "Increase humidity and regularly mist plants",
          "Apply insecticidal soap or horticultural oil",
          "Introduce predatory mites as biological control",
          "Remove severely infested plants",
          "Maintain plant health and adequate watering"
        ]
      },
      "preventive_measures": [
        "Implement strict sanitation: disinfect tools with 70% alcohol between plants",
        "Water at the base in early morning (reduces leaf wetness duration by 60%)",
        "Monitor plants weekly with a 10x magnifier for early pest/disease detection",
        "Rotate crops following scientific rotation schedules (minimum 3-year cycle)",
        "Maintain optimal plant spacing for good air circulation (prevents 85% of fungal issues)",
        "Apply 2-3 inches of organic mulch (reduces soil-borne disease splash by 75%)",
        "Record pest/disease occurrences to predict and prevent future outbreaks",
        "Use drip irrigation instead of overhead (reduces disease spread by 40%)"
      ],
      "fertilizer_recommendations": [
        {
          "type": "organic",
          "name": "Compost Tea",
          "npk": "Varies (typically 1-1-1)",
          "description": "Liquid extract of compost containing beneficial microbes, nutrients, and organic compounds that improve soil biology and plant health.",
          "application": "Apply as soil drench (5 gal/100 sq ft) or foliar spray (diluted 1:5) every 2-4 weeks.",
          "conditions": "All plants, especially when microbial activity is desired",
          "scientific_backing": "Research demonstrates 30-50% increase in beneficial soil microbes after application"
        },
        {
          "type": "general",
          "name": "Balanced NPK (10-10-10)",
          "npk": "10-10-10",
          "description": "Provides equal parts nitrogen (N), phosphorus (P), and potassium (K). Nitrogen promotes leaf growth, phosphorus supports root and flower development, potassium enhances overall plant health.",
          "application": "Apply 2-3 lbs per 100 sq ft before planting and side-dress during active growth. Water thoroughly after application.",
          "conditions": "General purpose for most plants during vegetative growth",
          "scientific_backing": "University studies show balanced NPK improves yield by 15-20% over unfertilized controls"
        }
      ],
      "maharashtra_recommendations": {
        "general": {
          "irrigation": {
            "title": "Irrigation Practices",
            "content": "Maharashtra frequently faces water scarcity. Consider drip irrigation to conserve water while improving crop yields."
          },
          "climate": {
            "title": "Climate Considerations",
            "content": "Maharashtra has diverse climate zones. Be aware of monsoon patterns and prepare for occasional drought conditions."
          },
          "soil": {
            "title": "Soil Management",
            "content": "Most Maharashtra soils benefit from organic matter addition to improve water retention and fertility."
          }
        },
        "specific": {
          "varieties": {
            "title": "Recommended Varieties",
            "content": "For Maharashtra: N-53, Agrifound Dark Red, Baswant 780, and Phule Samarth are well adapted to local conditions."
          },
          "planting": {
            "title": "Planting Season",
            "content": "In Maharashtra, kharif onions are planted in May-June, and rabi onions in October-November for best results."
          },
          "storage": {
            "title": "Storage Practices",
            "content": "Store in well-ventilated structures with proper curing. Maharashtra's Nashik district has specialized onion storage structures (chawls) that can be adapted."
          },
          "markets": {
            "title": "Market Information",
            "content": "Lasalgaon in Nashik district hosts India's largest onion market. Other major markets include Pune and Solapur APMC."
          }
        },
        "resources": {
          "title": "Maharashtra Agricultural Resources",
          "content": [
            {
              "name": "Maharashtra Krishi Vibhag (Agriculture Department)",
              "link": "https://krishi.maharashtra.gov.in/"
            },
            {
              "name": "Mahabeej (Maharashtra State Seeds Corporation)",
              "link": "http://mahabeej.com/"
            },
            {
              "name": "Maharashtra Agricultural Universities",
              "link": "https://www.mcaer.org/"
            }
          ]
        }
      }
    }
  },
  {
    "id": 7,
    "user_id": "Aditya",
    "timestamp": "2025-04-01T10:01:58.743693",
    "analysis_type": "soil",
    "image_path": "uploads\\20250401_153158_d2cb02e1.jpeg",
    "results": {
      "type": "Chalky",
      "properties": {
        "type": "Chalky",
        "pH": 6.8,
        "organic_matter": "8%",
        "nitrogen": "35 ppm",
        "phosphorus": "19 ppm",
        "potassium": "86 ppm",
        "moisture": "5%"
      },
      "recommendations": [
        "Spinach",
        "Beets",
        "Sweet Corn",
        "Kale",
        "Carrots"
      ],
      "context": {
        "rainfall": "High",
        "season": "Fall"
      }
    }
  },
  {
    "id": 8,
    "user_id": "Aditya",
    "timestamp": "2025-04-01T10:21:34.672125",
    "analysis_type": "plant",
    "image_path": "uploads\\20250401_155134_7362e11f.jpeg",
    "results": {
      "plant_info": {
        "id": 4,
        "name": "Tomato",
        "scientific_name": "Zea mays",
        "probability": 98.10880285196882,
        "details": {
          "family": "Poaceae (Grass)",
          "growing_season": "Summer",
          "days_to_maturity": "60-100 days",
          "sunlight": "Full sun",
          "watering": "Moderate to high water needs"
        }
      },
      "plant_details": {
        "crop_type": "Tomato",
        "plant_age": "Fruiting",
        "symptoms": null,
        "planting_date": "2024-12-11",
        "irrigation_method": "Drip Irrigation",
        "previous_treatments": null
      },
      "water_content": {
        "percentage": 35,
        "status": "Slightly Dehydrated",
        "recommendation": "Consider increasing watering frequency slightly.",
        "color": "#FFC107"
      },
      "diseases": [
        {
          "id": 4,
          "name": "Septoria Leaf Spot",
          "description": "Fungal disease causing small, circular spots with dark borders on lower leaves.",
          "treatments": [
            "Remove affected leaves",
            "Apply fungicide containing chlorothalonil or copper",
            "Mulch around plants to prevent soil splash",
            "Avoid overhead watering",
            "Practice crop rotation"
          ],
          "probability": 76.53328848211977
        },
        {
          "id": 1,
          "name": "Healthy",
          "description": "The plant appears healthy with no visible signs of disease.",
          "treatments": [],
          "probability": 16.319673833050658
        },
        {
          "id": 3,
          "name": "Late Blight",
          "description": "Water mold infection causing dark, water-soaked spots on leaves and stems.",
          "treatments": [
            "Remove and destroy infected plants promptly",
            "Apply copper-based fungicide or other approved fungicides",
            "Avoid overhead irrigation",
            "Ensure good air circulation",
            "Use resistant varieties in future plantings"
          ],
          "probability": 14.560644941177365
        }
      ],
      "pests": {
        "name": "No Pests Detected",
        "infestation_level": "None",
        "description": "No signs of pest activity detected in this image.",
        "damage": "",
        "control_methods": [
          "Regular monitoring for early detection",
          "Maintain plant health to increase pest resistance",
          "Encourage beneficial insects like ladybugs and lacewings",
          "Practice crop rotation to prevent pest buildup"
        ]
      },
      "preventive_measures": [
        "Apply calcium nitrate foliar spray weekly to prevent blossom end rot",
        "Stake plants at 45\u00b0 angle for maximum sun exposure and air flow",
        "Install reflective mulch to repel aphids and whiteflies (50% reduction)",
        "Maintain optimal plant spacing for good air circulation (prevents 85% of fungal issues)",
        "Use drip irrigation instead of overhead (reduces disease spread by 40%)",
        "Monitor plants weekly with a 10x magnifier for early pest/disease detection",
        "Rotate crops following scientific rotation schedules (minimum 3-year cycle)",
        "Implement strict sanitation: disinfect tools with 70% alcohol between plants"
      ],
      "fertilizer_recommendations": [
        {
          "type": "organic",
          "name": "Compost Tea",
          "npk": "Varies (typically 1-1-1)",
          "description": "Liquid extract of compost containing beneficial microbes, nutrients, and organic compounds that improve soil biology and plant health.",
          "application": "Apply as soil drench (5 gal/100 sq ft) or foliar spray (diluted 1:5) every 2-4 weeks.",
          "conditions": "All plants, especially when microbial activity is desired",
          "scientific_backing": "Research demonstrates 30-50% increase in beneficial soil microbes after application"
        },
        {
          "type": "mineral",
          "name": "Rock Phosphate",
          "npk": "0-20-0",
          "description": "Slow-release source of phosphorus that becomes available over 2-3 years. Ideal for building long-term soil phosphorus reserves.",
          "application": "Apply 5-10 lbs per 100 sq ft and incorporate into soil before planting. Does not dissolve in water.",
          "conditions": "Soils testing low in phosphorus, perennial crops",
          "scientific_backing": "Long-term studies show cumulative benefits over 3-5 year period"
        },
        {
          "type": "vegetative",
          "name": "Calcium Nitrate",
          "npk": "15-0-0 + 19% Ca",
          "description": "Provides readily available nitrogen and prevents blossom end rot by supplying calcium during fruit development.",
          "application": "Apply 1-2 tbsp/gal as foliar spray or 1 lb/100 sq ft as side-dress when first fruits are marble-sized.",
          "scientific_backing": "Trials show 80% reduction in blossom end rot with proper calcium nutrition"
        }
      ],
      "maharashtra_recommendations": {
        "general": {
          "irrigation": {
            "title": "Irrigation Practices",
            "content": "Maharashtra frequently faces water scarcity. Consider drip irrigation to conserve water while improving crop yields."
          },
          "climate": {
            "title": "Climate Considerations",
            "content": "Maharashtra has diverse climate zones. Be aware of monsoon patterns and prepare for occasional drought conditions."
          },
          "soil": {
            "title": "Soil Management",
            "content": "Most Maharashtra soils benefit from organic matter addition to improve water retention and fertility."
          }
        },
        "specific": {
          "varieties": {
            "title": "Recommended Varieties",
            "content": "For Maharashtra: Pusa Ruby, Arka Vikas, Arka Saurabh, and Pusa Early Dwarf perform well in local conditions."
          },
          "planting": {
            "title": "Planting Season",
            "content": "Best planted from June-July (kharif) or November-December (rabi) in Maharashtra."
          },
          "pests": {
            "title": "Local Pest Management",
            "content": "Fruit borer and leaf curl virus are common in Maharashtra tomato crops. Consider neem-based sprays and resistant varieties."
          },
          "markets": {
            "title": "Market Information",
            "content": "Major tomato markets in Maharashtra include Pimpalgaon, Nashik, and Pune APMC."
          }
        },
        "resources": {
          "title": "Maharashtra Agricultural Resources",
          "content": [
            {
              "name": "Maharashtra Krishi Vibhag (Agriculture Department)",
              "link": "https://krishi.maharashtra.gov.in/"
            },
            {
              "name": "Mahabeej (Maharashtra State Seeds Corporation)",
              "link": "http://mahabeej.com/"
            },
            {
              "name": "Maharashtra Agricultural Universities",
              "link": "https://www.mcaer.org/"
            }
          ]
        }
      }
    }
  },
  {
    "id": 9,
    "user_id": "Aditya",
    "timestamp": "2025-04-01T10:23:58.814172",
    "analysis_type": "soil",
    "image_path": "uploads\\20250401_155358_fc516780.jpeg",
    "results": {
      "type": "Silty",
      "properties": {
        "type": "Silty",
        "pH": 6.5,
        "organic_matter": "8%",
        "nitrogen": "59 ppm",
        "phosphorus": "54 ppm",
        "potassium": "60 ppm",
        "moisture": "11%"
      },
      "recommendations": [
        "Roses",
        "Tomatoes",
        "Lettuce",
        "Kale",
        "Carrots"
      ],
      "context": {
        "rainfall": "Moderate",
        "season": "Fall"
      }
    }
  },
  {
    "id": 10,
    "user_id": "Aditya",
    "timestamp": "2025-04-01T10:42:22.480723",
    "analysis_type": "plant",
    "image_path": "uploads\\20250401_161222_b5d500f7.jpeg",
    "results": {
      "plant_info": {
        "id": 2,
        "name": "Tomato",
        "scientific_name": "Allium cepa",
        "probability": 99.87621378906732,
        "details": {
          "family": "Amaryllidaceae",
          "growing_season": "Cool season crop",
          "days_to_maturity": "90-120 days",
          "sunlight": "Full sun",
          "watering": "Moderate, consistent moisture"
        }
      },
      "plant_details": {
        "crop_type": "Tomato",
        "plant_age": "Flowering",
        "symptoms": null,
        "planting_date": "2025-02-05",
        "irrigation_method": "Drip Irrigation",
        "previous_treatments": null
      },
      "water_content": {
        "percentage": 46,
        "status": "Adequately Hydrated",
        "recommendation": "Maintain the current watering schedule, but monitor for signs of dryness.",
        "color": "#8BC34A"
      },
      "diseases": [
        {
          "id": 4,
          "name": "Septoria Leaf Spot",
          "description": "Fungal disease causing small, circular spots with dark borders on lower leaves.",
          "treatments": [
            "Remove affected leaves",
            "Apply fungicide containing chlorothalonil or copper",
            "Mulch around plants to prevent soil splash",
            "Avoid overhead watering",
            "Practice crop rotation"
          ],
          "probability": 90.41277830356991
        },
        {
          "id": 1,
          "name": "Healthy",
          "description": "The plant appears healthy with no visible signs of disease.",
          "treatments": [],
          "probability": 16.40820338993286
        },
        {
          "id": 3,
          "name": "Late Blight",
          "description": "Water mold infection causing dark, water-soaked spots on leaves and stems.",
          "treatments": [
            "Remove and destroy infected plants promptly",
            "Apply copper-based fungicide or other approved fungicides",
            "Avoid overhead irrigation",
            "Ensure good air circulation",
            "Use resistant varieties in future plantings"
          ],
          "probability": 16.838889304766965
        }
      ],
      "pests": {
        "name": "No Pests Detected",
        "infestation_level": "None",
        "description": "No signs of pest activity detected in this image.",
        "damage": "",
        "control_methods": [
          "Regular monitoring for early detection",
          "Maintain plant health to increase pest resistance",
          "Encourage beneficial insects like ladybugs and lacewings",
          "Practice crop rotation to prevent pest buildup"
        ]
      },
      "preventive_measures": [
        "Use floating row covers until flowering to prevent early pest damage",
        "Prune to 2-3 main stems for optimal airflow (reduces disease pressure 30%)",
        "Stake plants at 45\u00b0 angle for maximum sun exposure and air flow",
        "Use drip irrigation instead of overhead (reduces disease spread by 40%)",
        "Monitor plants weekly with a 10x magnifier for early pest/disease detection",
        "Implement strict sanitation: disinfect tools with 70% alcohol between plants",
        "Introduce beneficial insects 2 weeks before expected pest outbreaks",
        "Record pest/disease occurrences to predict and prevent future outbreaks"
      ],
      "fertilizer_recommendations": [
        {
          "type": "general",
          "name": "Balanced NPK (10-10-10)",
          "npk": "10-10-10",
          "description": "Provides equal parts nitrogen (N), phosphorus (P), and potassium (K). Nitrogen promotes leaf growth, phosphorus supports root and flower development, potassium enhances overall plant health.",
          "application": "Apply 2-3 lbs per 100 sq ft before planting and side-dress during active growth. Water thoroughly after application.",
          "conditions": "General purpose for most plants during vegetative growth",
          "scientific_backing": "University studies show balanced NPK improves yield by 15-20% over unfertilized controls"
        },
        {
          "type": "mineral",
          "name": "Rock Phosphate",
          "npk": "0-20-0",
          "description": "Slow-release source of phosphorus that becomes available over 2-3 years. Ideal for building long-term soil phosphorus reserves.",
          "application": "Apply 5-10 lbs per 100 sq ft and incorporate into soil before planting. Does not dissolve in water.",
          "conditions": "Soils testing low in phosphorus, perennial crops",
          "scientific_backing": "Long-term studies show cumulative benefits over 3-5 year period"
        },
        {
          "type": "vegetative",
          "name": "Calcium Nitrate",
          "npk": "15-0-0 + 19% Ca",
          "description": "Provides readily available nitrogen and prevents blossom end rot by supplying calcium during fruit development.",
          "application": "Apply 1-2 tbsp/gal as foliar spray or 1 lb/100 sq ft as side-dress when first fruits are marble-sized.",
          "scientific_backing": "Trials show 80% reduction in blossom end rot with proper calcium nutrition"
        }
      ],
      "maharashtra_recommendations": {
        "general": {
          "irrigation": {
            "title": "Irrigation Practices",
            "content": "Maharashtra frequently faces water scarcity. Consider drip irrigation to conserve water while improving crop yields."
          },
          "climate": {
            "title": "Climate Considerations",
            "content": "Maharashtra has diverse climate zones. Be aware of monsoon patterns and prepare for occasional drought conditions."
          },
          "soil": {
            "title": "Soil Management",
            "content": "Most Maharashtra soils benefit from organic matter addition to improve water retention and fertility."
          }
        },
        "specific": {
          "varieties": {
            "title": "Recommended Varieties",
            "content": "For Maharashtra: Pusa Ruby, Arka Vikas, Arka Saurabh, and Pusa Early Dwarf perform well in local conditions."
          },
          "planting": {
            "title": "Planting Season",
            "content": "Best planted from June-July (kharif) or November-December (rabi) in Maharashtra."
          },
          "pests": {
            "title": "Local Pest Management",
            "content": "Fruit borer and leaf curl virus are common in Maharashtra tomato crops. Consider neem-based sprays and resistant varieties."
          },
          "markets": {
            "title": "Market Information",
            "content": "Major tomato markets in Maharashtra include Pimpalgaon, Nashik, and Pune APMC."
          }
        },
        "resources": {
          "title": "Maharashtra Agricultural Resources",
          "content": [
            {
              "name": "Maharashtra Krishi Vibhag (Agriculture Department)",
              "link": "https://krishi.maharashtra.gov.in/"
            },
            {
              "name": "Mahabeej (Maharashtra State Seeds Corporation)",
              "link": "http://mahabeej.com/"
            },
            {
              "name": "Maharashtra Agricultural Universities",
              "link": "https://www.mcaer.org/"
            }
          ]
        }
      }
    }
  },
  {
    "id": 11,
    "user_id": "Aditya",
    "timestamp": "2025-04-01T10:43:55.030801",
    "analysis_type": "plant",
    "image_path": "uploads\\20250401_161355_1e27b07c.jpeg",
    "results": {
      "plant_info": {
        "id": 3,
        "name": "Tomato",
        "scientific_name": "Solanum tuberosum",
        "probability": 93.72418187483211,
        "details": {
          "family": "Solanaceae (Nightshade)",
          "growing_season": "Spring to Summer",
          "days_to_maturity": "70-120 days",
          "sunlight": "Full sun",
          "watering": "Regular, consistent moisture"
        }
      },
      "plant_details": {
        "crop_type": "Tomato",
        "plant_age": "Fruiting",
        "symptoms": null,
        "planting_date": "2025-02-02",
        "irrigation_method": "Drip Irrigation",
        "previous_treatments": null
      },
      "water_content": {
        "percentage": 29,
        "status": "Moderately Dehydrated",
        "recommendation": "Increase watering frequency. The plant is showing signs of water stress.",
        "color": "#FF9800"
      },
      "diseases": [
        {
          "id": 1,
          "name": "Healthy",
          "description": "The plant appears healthy with no visible signs of disease.",
          "treatments": [],
          "probability": 94.30910957970966
        },
        {
          "id": 4,
          "name": "Septoria Leaf Spot",
          "description": "Fungal disease causing small, circular spots with dark borders on lower leaves.",
          "treatments": [
            "Remove affected leaves",
            "Apply fungicide containing chlorothalonil or copper",
            "Mulch around plants to prevent soil splash",
            "Avoid overhead watering",
            "Practice crop rotation"
          ],
          "probability": 6.765919993756134
        },
        {
          "id": 4,
          "name": "Septoria Leaf Spot",
          "description": "Fungal disease causing small, circular spots with dark borders on lower leaves.",
          "treatments": [
            "Remove affected leaves",
            "Apply fungicide containing chlorothalonil or copper",
            "Mulch around plants to prevent soil splash",
            "Avoid overhead watering",
            "Practice crop rotation"
          ],
          "probability": 9.011432091686771
        }
      ],
      "pests": {
        "name": "Spider Mites",
        "infestation_level": "High",
        "description": "Tiny arachnids that feed on plant cells, typically found on the undersides of leaves. May produce fine webbing in severe infestations.",
        "damage": "Stippled or speckled leaves, yellowing, bronzing, and premature leaf drop. Severe infestations can kill plants.",
        "control_methods": [
          "Increase humidity and regularly mist plants",
          "Apply insecticidal soap or horticultural oil",
          "Introduce predatory mites as biological control",
          "Remove severely infested plants",
          "Maintain plant health and adequate watering"
        ]
      },
      "preventive_measures": [
        "Apply calcium nitrate foliar spray weekly to prevent blossom end rot",
        "Prune to 2-3 main stems for optimal airflow (reduces disease pressure 30%)",
        "Install reflective mulch to repel aphids and whiteflies (50% reduction)",
        "Use drip irrigation instead of overhead (reduces disease spread by 40%)",
        "Water at the base in early morning (reduces leaf wetness duration by 60%)",
        "Rotate crops following scientific rotation schedules (minimum 3-year cycle)",
        "Maintain optimal plant spacing for good air circulation (prevents 85% of fungal issues)",
        "Apply 2-3 inches of organic mulch (reduces soil-borne disease splash by 75%)"
      ],
      "fertilizer_recommendations": [
        {
          "type": "organic",
          "name": "Compost Tea",
          "npk": "Varies (typically 1-1-1)",
          "description": "Liquid extract of compost containing beneficial microbes, nutrients, and organic compounds that improve soil biology and plant health.",
          "application": "Apply as soil drench (5 gal/100 sq ft) or foliar spray (diluted 1:5) every 2-4 weeks.",
          "conditions": "All plants, especially when microbial activity is desired",
          "scientific_backing": "Research demonstrates 30-50% increase in beneficial soil microbes after application"
        },
        {
          "type": "mineral",
          "name": "Rock Phosphate",
          "npk": "0-20-0",
          "description": "Slow-release source of phosphorus that becomes available over 2-3 years. Ideal for building long-term soil phosphorus reserves.",
          "application": "Apply 5-10 lbs per 100 sq ft and incorporate into soil before planting. Does not dissolve in water.",
          "conditions": "Soils testing low in phosphorus, perennial crops",
          "scientific_backing": "Long-term studies show cumulative benefits over 3-5 year period"
        },
        {
          "type": "vegetative",
          "name": "Calcium Nitrate",
          "npk": "15-0-0 + 19% Ca",
          "description": "Provides readily available nitrogen and prevents blossom end rot by supplying calcium during fruit development.",
          "application": "Apply 1-2 tbsp/gal as foliar spray or 1 lb/100 sq ft as side-dress when first fruits are marble-sized.",
          "scientific_backing": "Trials show 80% reduction in blossom end rot with proper calcium nutrition"
        }
      ],
      "maharashtra_recommendations": {
        "general": {
          "irrigation": {
            "title": "Irrigation Practices",
            "content": "Maharashtra frequently faces water scarcity. Consider drip irrigation to conserve water while improving crop yields."
          },
          "climate": {
            "title": "Climate Considerations",
            "content": "Maharashtra has diverse climate zones. Be aware of monsoon patterns and prepare for occasional drought conditions."
          },
          "soil": {
            "title": "Soil Management",
            "content": "Most Maharashtra soils benefit from organic matter addition to improve water retention and fertility."
          }
        },
        "specific": {
          "varieties": {
            "title": "Recommended Varieties",
            "content": "For Maharashtra: Pusa Ruby, Arka Vikas, Arka Saurabh, and Pusa Early Dwarf perform well in local conditions."
          },
          "planting": {
            "title": "Planting Season",
            "content": "Best planted from June-July (kharif) or November-December (rabi) in Maharashtra."
          },
          "pests": {
            "title": "Local Pest Management",
            "content": "Fruit borer and leaf curl virus are common in Maharashtra tomato crops. Consider neem-based sprays and resistant varieties."
          },
          "markets": {
            "title": "Market Information",
            "content": "Major tomato markets in Maharashtra include Pimpalgaon, Nashik, and Pune APMC."
          }
        },
        "resources": {
          "title": "Maharashtra Agricultural Resources",
          "content": [
            {
              "name": "Maharashtra Krishi Vibhag (Agriculture Department)",
              "link": "https://krishi.maharashtra.gov.in/"
            },
            {
              "name": "Mahabeej (Maharashtra State Seeds Corporation)",
              "link": "http://mahabeej.com/"
            },
            {
              "name": "Maharashtra Agricultural Universities",
              "link": "https://www.mcaer.org/"
            }
          ]
        }
      }
    }
  },
  {
    "id": 12,
    "user_id": "Aditya",
    "timestamp": "2025-04-01T10:59:14.101928",
    "analysis_type": "plant",
    "image_path": "uploads\\20250401_162914_8a6db3da.jpeg",
    "results": {
      "plant_info": {
        "id": 3,
        "name": "Tomato",
        "scientific_name": "Solanum tuberosum",
        "probability": 93.72418187483211,
        "details": {
          "family": "Solanaceae (Nightshade)",
          "growing_season": "Spring to Summer",
          "days_to_maturity": "70-120 days",
          "sunlight": "Full sun",
          "watering": "Regular, consistent moisture"
        }
      },
      "plant_details": {
        "crop_type": "Tomato",
        "plant_age": "Mature",
        "symptoms": null,
        "planting_date": "2025-04-01",
        "irrigation_method": "Drip Irrigation",
        "previous_treatments": null
      },
      "water_content": {
        "percentage": 29,
        "status": "Moderately Dehydrated",
        "recommendation": "Increase watering frequency. The plant is showing signs of water stress.",
        "color": "#FF9800"
      },
      "diseases": [
        {
          "id": 1,
          "name": "Healthy",
          "description": "The plant appears healthy with no visible signs of disease.",
          "treatments": [],
          "probability": 94.30910957970966
        },
        {
          "id": 4,
          "name": "Septoria Leaf Spot",
          "description": "Fungal disease causing small, circular spots with dark borders on lower leaves.",
          "treatments": [
            "Remove affected leaves",
            "Apply fungicide containing chlorothalonil or copper",
            "Mulch around plants to prevent soil splash",
            "Avoid overhead watering",
            "Practice crop rotation"
          ],
          "probability": 6.765919993756134
        },
        {
          "id": 4,
          "name": "Septoria Leaf Spot",
          "description": "Fungal disease causing small, circular spots with dark borders on lower leaves.",
          "treatments": [
            "Remove affected leaves",
            "Apply fungicide containing chlorothalonil or copper",
            "Mulch around plants to prevent soil splash",
            "Avoid overhead watering",
            "Practice crop rotation"
          ],
          "probability": 9.011432091686771
        }
      ],
      "pests": {
        "name": "Spider Mites",
        "infestation_level": "High",
        "description": "Tiny arachnids that feed on plant cells, typically found on the undersides of leaves. May produce fine webbing in severe infestations.",
        "damage": "Stippled or speckled leaves, yellowing, bronzing, and premature leaf drop. Severe infestations can kill plants.",
        "control_methods": [
          "Increase humidity and regularly mist plants",
          "Apply insecticidal soap or horticultural oil",
          "Introduce predatory mites as biological control",
          "Remove severely infested plants",
          "Maintain plant health and adequate watering"
        ]
      },
      "preventive_measures": [
        "Apply calcium nitrate foliar spray weekly to prevent blossom end rot",
        "Prune to 2-3 main stems for optimal airflow (reduces disease pressure 30%)",
        "Install reflective mulch to repel aphids and whiteflies (50% reduction)",
        "Use drip irrigation instead of overhead (reduces disease spread by 40%)",
        "Water at the base in early morning (reduces leaf wetness duration by 60%)",
        "Rotate crops following scientific rotation schedules (minimum 3-year cycle)",
        "Maintain optimal plant spacing for good air circulation (prevents 85% of fungal issues)",
        "Apply 2-3 inches of organic mulch (reduces soil-borne disease splash by 75%)"
      ],
      "fertilizer_recommendations": [
        {
          "type": "organic",
          "name": "Compost Tea",
          "npk": "Varies (typically 1-1-1)",
          "description": "Liquid extract of compost containing beneficial microbes, nutrients, and organic compounds that improve soil biology and plant health.",
          "application": "Apply as soil drench (5 gal/100 sq ft) or foliar spray (diluted 1:5) every 2-4 weeks.",
          "conditions": "All plants, especially when microbial activity is desired",
          "scientific_backing": "Research demonstrates 30-50% increase in beneficial soil microbes after application"
        },
        {
          "type": "mineral",
          "name": "Rock Phosphate",
          "npk": "0-20-0",
          "description": "Slow-release source of phosphorus that becomes available over 2-3 years. Ideal for building long-term soil phosphorus reserves.",
          "application": "Apply 5-10 lbs per 100 sq ft and incorporate into soil before planting. Does not dissolve in water.",
          "conditions": "Soils testing low in phosphorus, perennial crops",
          "scientific_backing": "Long-term studies show cumulative benefits over 3-5 year period"
        },
        {
          "type": "vegetative",
          "name": "Calcium Nitrate",
          "npk": "15-0-0 + 19% Ca",
          "description": "Provides readily available nitrogen and prevents blossom end rot by supplying calcium during fruit development.",
          "application": "Apply 1-2 tbsp/gal as foliar spray or 1 lb/100 sq ft as side-dress when first fruits are marble-sized.",
          "scientific_backing": "Trials show 80% reduction in blossom end rot with proper calcium nutrition"
        }
      ],
      "maharashtra_recommendations": {
        "general": {
          "irrigation": {
            "title": "Irrigation Practices",
            "content": "Maharashtra frequently faces water scarcity. Consider drip irrigation to conserve water while improving crop yields."
          },
          "climate": {
            "title": "Climate Considerations",
            "content": "Maharashtra has diverse climate zones. Be aware of monsoon patterns and prepare for occasional drought conditions."
          },
          "soil": {
            "title": "Soil Management",
            "content": "Most Maharashtra soils benefit from organic matter addition to improve water retention and fertility."
          }
        },
        "specific": {
          "varieties": {
            "title": "Recommended Varieties",
            "content": "For Maharashtra: Pusa Ruby, Arka Vikas, Arka Saurabh, and Pusa Early Dwarf perform well in local conditions."
          },
          "planting": {
            "title": "Planting Season",
            "content": "Best planted from June-July (kharif) or November-December (rabi) in Maharashtra."
          },
          "pests": {
            "title": "Local Pest Management",
            "content": "Fruit borer and leaf curl virus are common in Maharashtra tomato crops. Consider neem-based sprays and resistant varieties."
          },
          "markets": {
            "title": "Market Information",
            "content": "Major tomato markets in Maharashtra include Pimpalgaon, Nashik, and Pune APMC."
          }
        },
        "resources": {
          "title": "Maharashtra Agricultural Resources",
          "content": [
            {
              "name": "Maharashtra Krishi Vibhag (Agriculture Department)",
              "link": "https://krishi.maharashtra.gov.in/"
            },
            {
              "name": "Mahabeej (Maharashtra State Seeds Corporation)",
              "link": "http://mahabeej.com/"
            },
            {
              "name": "Maharashtra Agricultural Universities",
              "link": "https://www.mcaer.org/"
            }
          ]
        }
      }
    }
  },
  {
    "id": 13,
    "user_id": "Aditya",
    "timestamp": "2025-04-01T11:01:14.015031",
    "analysis_type": "plant",
    "image_path": "uploads\\20250401_163114_98327592.jpeg",
    "results": {
      "plant_info": {
        "id": 2,
        "name": "Tomato",
        "scientific_name": "Allium cepa",
        "probability": 99.87621378906732,
        "details": {
          "family": "Amaryllidaceae",
          "growing_season": "Cool season crop",
          "days_to_maturity": "90-120 days",
          "sunlight": "Full sun",
          "watering": "Moderate, consistent moisture"
        }
      },
      "plant_details": {
        "crop_type": "Tomato",
        "plant_age": "Fruiting",
        "symptoms": null,
        "planting_date": "2024-12-18",
        "irrigation_method": "Flood Irrigation",
        "previous_treatments": null
      },
      "water_content": {
        "percentage": 46,
        "status": "Adequately Hydrated",
        "recommendation": "Maintain the current watering schedule, but monitor for signs of dryness.",
        "color": "#8BC34A"
      },
      "diseases": [
        {
          "id": 4,
          "name": "Septoria Leaf Spot",
          "description": "Fungal disease causing small, circular spots with dark borders on lower leaves.",
          "treatments": [
            "Remove affected leaves",
            "Apply fungicide containing chlorothalonil or copper",
            "Mulch around plants to prevent soil splash",
            "Avoid overhead watering",
            "Practice crop rotation"
          ],
          "probability": 90.41277830356991
        },
        {
          "id": 1,
          "name": "Healthy",
          "description": "The plant appears healthy with no visible signs of disease.",
          "treatments": [],
          "probability": 16.40820338993286
        },
        {
          "id": 3,
          "name": "Late Blight",
          "description": "Water mold infection causing dark, water-soaked spots on leaves and stems.",
          "treatments": [
            "Remove and destroy infected plants promptly",
            "Apply copper-based fungicide or other approved fungicides",
            "Avoid overhead irrigation",
            "Ensure good air circulation",
            "Use resistant varieties in future plantings"
          ],
          "probability": 16.838889304766965
        }
      ],
      "pests": {
        "name": "No Pests Detected",
        "infestation_level": "None",
        "description": "No signs of pest activity detected in this image.",
        "damage": "",
        "control_methods": [
          "Regular monitoring for early detection",
          "Maintain plant health to increase pest resistance",
          "Encourage beneficial insects like ladybugs and lacewings",
          "Practice crop rotation to prevent pest buildup"
        ]
      },
      "preventive_measures": [
        "Use floating row covers until flowering to prevent early pest damage",
        "Prune to 2-3 main stems for optimal airflow (reduces disease pressure 30%)",
        "Stake plants at 45\u00b0 angle for maximum sun exposure and air flow",
        "Use drip irrigation instead of overhead (reduces disease spread by 40%)",
        "Monitor plants weekly with a 10x magnifier for early pest/disease detection",
        "Implement strict sanitation: disinfect tools with 70% alcohol between plants",
        "Introduce beneficial insects 2 weeks before expected pest outbreaks",
        "Record pest/disease occurrences to predict and prevent future outbreaks"
      ],
      "fertilizer_recommendations": [
        {
          "type": "general",
          "name": "Balanced NPK (10-10-10)",
          "npk": "10-10-10",
          "description": "Provides equal parts nitrogen (N), phosphorus (P), and potassium (K). Nitrogen promotes leaf growth, phosphorus supports root and flower development, potassium enhances overall plant health.",
          "application": "Apply 2-3 lbs per 100 sq ft before planting and side-dress during active growth. Water thoroughly after application.",
          "conditions": "General purpose for most plants during vegetative growth",
          "scientific_backing": "University studies show balanced NPK improves yield by 15-20% over unfertilized controls"
        },
        {
          "type": "mineral",
          "name": "Rock Phosphate",
          "npk": "0-20-0",
          "description": "Slow-release source of phosphorus that becomes available over 2-3 years. Ideal for building long-term soil phosphorus reserves.",
          "application": "Apply 5-10 lbs per 100 sq ft and incorporate into soil before planting. Does not dissolve in water.",
          "conditions": "Soils testing low in phosphorus, perennial crops",
          "scientific_backing": "Long-term studies show cumulative benefits over 3-5 year period"
        },
        {
          "type": "vegetative",
          "name": "Calcium Nitrate",
          "npk": "15-0-0 + 19% Ca",
          "description": "Provides readily available nitrogen and prevents blossom end rot by supplying calcium during fruit development.",
          "application": "Apply 1-2 tbsp/gal as foliar spray or 1 lb/100 sq ft as side-dress when first fruits are marble-sized.",
          "scientific_backing": "Trials show 80% reduction in blossom end rot with proper calcium nutrition"
        }
      ],
      "maharashtra_recommendations": {
        "general": {
          "irrigation": {
            "title": "Irrigation Practices",
            "content": "Maharashtra frequently faces water scarcity. Consider drip irrigation to conserve water while improving crop yields."
          },
          "climate": {
            "title": "Climate Considerations",
            "content": "Maharashtra has diverse climate zones. Be aware of monsoon patterns and prepare for occasional drought conditions."
          },
          "soil": {
            "title": "Soil Management",
            "content": "Most Maharashtra soils benefit from organic matter addition to improve water retention and fertility."
          }
        },
        "specific": {
          "varieties": {
            "title": "Recommended Varieties",
            "content": "For Maharashtra: Pusa Ruby, Arka Vikas, Arka Saurabh, and Pusa Early Dwarf perform well in local conditions."
          },
          "planting": {
            "title": "Planting Season",
            "content": "Best planted from June-July (kharif) or November-December (rabi) in Maharashtra."
          },
          "pests": {
            "title": "Local Pest Management",
            "content": "Fruit borer and leaf curl virus are common in Maharashtra tomato crops. Consider neem-based sprays and resistant varieties."
          },
          "markets": {
            "title": "Market Information",
            "content": "Major tomato markets in Maharashtra include Pimpalgaon, Nashik, and Pune APMC."
          }
        },
        "resources": {
          "title": "Maharashtra Agricultural Resources",
          "content": [
            {
              "name": "Maharashtra Krishi Vibhag (Agriculture Department)",
              "link": "https://krishi.maharashtra.gov.in/"
            },
            {
              "name": "Mahabeej (Maharashtra State Seeds Corporation)",
              "link": "http://mahabeej.com/"
            },
            {
              "name": "Maharashtra Agricultural Universities",
              "link": "https://www.mcaer.org/"
            }
          ]
        }
      }
    }
  },
  {
    "id": 14,
    "user_id": "Aditya",
    "timestamp": "2025-04-01T11:04:09.720423",
    "analysis_type": "plant",
    "image_path": "uploads\\20250401_163409_971a2c24.jpeg",
    "results": {
      "plant_info": {
        "id": 3,
        "name": "Tomato",
        "scientific_name": "Solanum tuberosum",
        "probability": 93.72418187483211,
        "details": {
          "family": "Solanaceae (Nightshade)",
          "growing_season": "Spring to Summer",
          "days_to_maturity": "70-120 days",
          "sunlight": "Full sun",
          "watering": "Regular, consistent moisture"
        }
      },
      "plant_details": {
        "crop_type": "Tomato",
        "plant_age": "Flowering",
        "symptoms": null,
        "planting_date": "2025-04-01",
        "irrigation_method": "Drip Irrigation",
        "previous_treatments": null
      },
      "water_content": {
        "percentage": 29,
        "status": "Moderately Dehydrated",
        "recommendation": "Increase watering frequency. The plant is showing signs of water stress.",
        "color": "#FF9800"
      },
      "diseases": [
        {
          "id": 1,
          "name": "Healthy",
          "description": "The plant appears healthy with no visible signs of disease.",
          "treatments": [],
          "probability": 94.30910957970966
        },
        {
          "id": 4,
          "name": "Septoria Leaf Spot",
          "description": "Fungal disease causing small, circular spots with dark borders on lower leaves.",
          "treatments": [
            "Remove affected leaves",
            "Apply fungicide containing chlorothalonil or copper",
            "Mulch around plants to prevent soil splash",
            "Avoid overhead watering",
            "Practice crop rotation"
          ],
          "probability": 6.765919993756134
        },
        {
          "id": 4,
          "name": "Septoria Leaf Spot",
          "description": "Fungal disease causing small, circular spots with dark borders on lower leaves.",
          "treatments": [
            "Remove affected leaves",
            "Apply fungicide containing chlorothalonil or copper",
            "Mulch around plants to prevent soil splash",
            "Avoid overhead watering",
            "Practice crop rotation"
          ],
          "probability": 9.011432091686771
        }
      ],
      "pests": {
        "name": "Spider Mites",
        "infestation_level": "High",
        "description": "Tiny arachnids that feed on plant cells, typically found on the undersides of leaves. May produce fine webbing in severe infestations.",
        "damage": "Stippled or speckled leaves, yellowing, bronzing, and premature leaf drop. Severe infestations can kill plants.",
        "control_methods": [
          "Increase humidity and regularly mist plants",
          "Apply insecticidal soap or horticultural oil",
          "Introduce predatory mites as biological control",
          "Remove severely infested plants",
          "Maintain plant health and adequate watering"
        ]
      },
      "preventive_measures": [
        "Apply calcium nitrate foliar spray weekly to prevent blossom end rot",
        "Prune to 2-3 main stems for optimal airflow (reduces disease pressure 30%)",
        "Install reflective mulch to repel aphids and whiteflies (50% reduction)",
        "Use drip irrigation instead of overhead (reduces disease spread by 40%)",
        "Water at the base in early morning (reduces leaf wetness duration by 60%)",
        "Rotate crops following scientific rotation schedules (minimum 3-year cycle)",
        "Maintain optimal plant spacing for good air circulation (prevents 85% of fungal issues)",
        "Apply 2-3 inches of organic mulch (reduces soil-borne disease splash by 75%)"
      ],
      "fertilizer_recommendations": [
        {
          "type": "organic",
          "name": "Compost Tea",
          "npk": "Varies (typically 1-1-1)",
          "description": "Liquid extract of compost containing beneficial microbes, nutrients, and organic compounds that improve soil biology and plant health.",
          "application": "Apply as soil drench (5 gal/100 sq ft) or foliar spray (diluted 1:5) every 2-4 weeks.",
          "conditions": "All plants, especially when microbial activity is desired",
          "scientific_backing": "Research demonstrates 30-50% increase in beneficial soil microbes after application"
        },
        {
          "type": "mineral",
          "name": "Rock Phosphate",
          "npk": "0-20-0",
          "description": "Slow-release source of phosphorus that becomes available over 2-3 years. Ideal for building long-term soil phosphorus reserves.",
          "application": "Apply 5-10 lbs per 100 sq ft and incorporate into soil before planting. Does not dissolve in water.",
          "conditions": "Soils testing low in phosphorus, perennial crops",
          "scientific_backing": "Long-term studies show cumulative benefits over 3-5 year period"
        },
        {
          "type": "vegetative",
          "name": "Calcium Nitrate",
          "npk": "15-0-0 + 19% Ca",
          "description": "Provides readily available nitrogen and prevents blossom end rot by supplying calcium during fruit development.",
          "application": "Apply 1-2 tbsp/gal as foliar spray or 1 lb/100 sq ft as side-dress when first fruits are marble-sized.",
          "scientific_backing": "Trials show 80% reduction in blossom end rot with proper calcium nutrition"
        }
      ],
      "maharashtra_recommendations": {
        "general": {
          "irrigation": {
            "title": "Irrigation Practices",
            "content": "Maharashtra frequently faces water scarcity. Consider drip irrigation to conserve water while improving crop yields."
          },
          "climate": {
            "title": "Climate Considerations",
            "content": "Maharashtra has diverse climate zones. Be aware of monsoon patterns and prepare for occasional drought conditions."
          },
          "soil": {
            "title": "Soil Management",
            "content": "Most Maharashtra soils benefit from organic matter addition to improve water retention and fertility."
          }
        },
        "specific": {
          "varieties": {
            "title": "Recommended Varieties",
            "content": "For Maharashtra: Pusa Ruby, Arka Vikas, Arka Saurabh, and Pusa Early Dwarf perform well in local conditions."
          },
          "planting": {
            "title": "Planting Season",
            "content": "Best planted from June-July (kharif) or November-December (rabi) in Maharashtra."
          },
          "pests": {
            "title": "Local Pest Management",
            "content": "Fruit borer and leaf curl virus are common in Maharashtra tomato crops. Consider neem-based sprays and resistant varieties."
          },
          "markets": {
            "title": "Market Information",
            "content": "Major tomato markets in Maharashtra include Pimpalgaon, Nashik, and Pune APMC."
          }
        },
        "resources": {
          "title": "Maharashtra Agricultural Resources",
          "content": [
            {
              "name": "Maharashtra Krishi Vibhag (Agriculture Department)",
              "link": "https://krishi.maharashtra.gov.in/"
            },
            {
              "name": "Mahabeej (Maharashtra State Seeds Corporation)",
              "link": "http://mahabeej.com/"
            },
            {
              "name": "Maharashtra Agricultural Universities",
              "link": "https://www.mcaer.org/"
            }
          ]
        }
      }
    }
  },
  {
    "id": 15,
    "user_id": "abhi",
    "timestamp": "2025-04-01T11:12:22.772154",
    "analysis_type": "soil",
    "image_path": "uploads\\20250401_164222_49e01689.jpeg",
    "results": {
      "type": "Clay",
      "properties": {
        "type": "Clay",
        "pH": 7.3,
        "organic_matter": "7%",
        "nitrogen": "11 ppm",
        "phosphorus": "92 ppm",
        "potassium": "50 ppm",
        "moisture": "20%"
      },
      "recommendations": [
        "Cabbage",
        "Broccoli",
        "Brussels Sprouts",
        "Tomatoes",
        "Corn"
      ],
      "context": {
        "rainfall": "Low",
        "season": "Summer"
      }
    }
  }
]