{
  "users": [],
  "Aditya": {
    "password": "8d969eef6ecad3c29a3a629280e686cf0c3f5d5a86aff3ca12020c923adc6c92",
    "email": "",
    "created_at": "2025-03-29T05:57:09.751520",
    "updated_at": "2025-04-03T18:34:11.503395",
    "profile_complete": true
  },
  "abhi": {
    "password": "a665a45920422f9d417e4867efdc4fb8a04a1f3fff1fa07e998e86f7f7a27ae3",
    "email": "",
    "created_at": "2025-04-01T11:09:59.454255",
    "updated_at": "2025-04-01T11:09:59.454255",
    "profile_complete": false
  }
}