{"nashik,in_weather": {"timestamp": 1743705382.343185, "data": {"coord": {"lon": 73.8, "lat": 19.9833}, "weather": [{"id": 803, "main": "Clouds", "description": "broken clouds", "icon": "04n"}], "base": "stations", "main": {"temp": 26.07, "feels_like": 26.07, "temp_min": 26.07, "temp_max": 26.07, "pressure": 1014, "humidity": 40, "sea_level": 1014, "grnd_level": 941}, "visibility": 10000, "wind": {"speed": 1.36, "deg": 293, "gust": 1.21}, "clouds": {"all": 65}, "dt": 1743704994, "sys": {"country": "IN", "sunrise": 1743641799, "sunset": 1743686353}, "timezone": 19800, "id": 1261731, "name": "Nashik", "cod": 200}}, "nashik,in_forecast": {"timestamp": 1743705382.6554618, "data": {"cod": "200", "message": 0, "cnt": 40, "list": [{"dt": 1743714000, "main": {"temp": 25.72, "feels_like": 25.42, "temp_min": 25.02, "temp_max": 25.72, "pressure": 1013, "sea_level": 1013, "grnd_level": 940, "humidity": 41, "temp_kf": 0.7}, "weather": [{"id": 802, "main": "Clouds", "description": "scattered clouds", "icon": "03n"}], "clouds": {"all": 46}, "wind": {"speed": 2.2, "deg": 270, "gust": 2.23}, "visibility": 10000, "pop": 0, "sys": {"pod": "n"}, "dt_txt": "2025-04-03 21:00:00"}, {"dt": 1743724800, "main": {"temp": 23.94, "feels_like": 23.59, "temp_min": 22.88, "temp_max": 23.94, "pressure": 1013, "sea_level": 1013, "grnd_level": 940, "humidity": 46, "temp_kf": 1.06}, "weather": [{"id": 802, "main": "Clouds", "description": "scattered clouds", "icon": "03n"}], "clouds": {"all": 28}, "wind": {"speed": 2.55, "deg": 295, "gust": 2.58}, "visibility": 10000, "pop": 0, "sys": {"pod": "n"}, "dt_txt": "2025-04-04 00:00:00"}, {"dt": 1743735600, "main": {"temp": 25.83, "feels_like": 25.64, "temp_min": 25.83, "temp_max": 25.83, "pressure": 1015, "sea_level": 1015, "grnd_level": 942, "humidity": 45, "temp_kf": 0}, "weather": [{"id": 800, "main": "Clear", "description": "clear sky", "icon": "01d"}], "clouds": {"all": 2}, "wind": {"speed": 1.79, "deg": 285, "gust": 2.13}, "visibility": 10000, "pop": 0, "sys": {"pod": "d"}, "dt_txt": "2025-04-04 03:00:00"}, {"dt": 1743746400, "main": {"temp": 32.04, "feels_like": 30.2, "temp_min": 32.04, "temp_max": 32.04, "pressure": 1014, "sea_level": 1014, "grnd_level": 942, "humidity": 23, "temp_kf": 0}, "weather": [{"id": 800, "main": "Clear", "description": "clear sky", "icon": "01d"}], "clouds": {"all": 1}, "wind": {"speed": 2.49, "deg": 24, "gust": 3.18}, "visibility": 10000, "pop": 0, "sys": {"pod": "d"}, "dt_txt": "2025-04-04 06:00:00"}, {"dt": 1743757200, "main": {"temp": 34.35, "feels_like": 32.15, "temp_min": 34.35, "temp_max": 34.35, "pressure": 1010, "sea_level": 1010, "grnd_level": 938, "humidity": 18, "temp_kf": 0}, "weather": [{"id": 800, "main": "Clear", "description": "clear sky", "icon": "01d"}], "clouds": {"all": 0}, "wind": {"speed": 1.39, "deg": 101, "gust": 1.92}, "visibility": 10000, "pop": 0, "sys": {"pod": "d"}, "dt_txt": "2025-04-04 09:00:00"}, {"dt": 1743768000, "main": {"temp": 34.43, "feels_like": 32.08, "temp_min": 34.43, "temp_max": 34.43, "pressure": 1009, "sea_level": 1009, "grnd_level": 937, "humidity": 16, "temp_kf": 0}, "weather": [{"id": 800, "main": "Clear", "description": "clear sky", "icon": "01d"}], "clouds": {"all": 1}, "wind": {"speed": 1.54, "deg": 173, "gust": 3.01}, "visibility": 10000, "pop": 0, "sys": {"pod": "d"}, "dt_txt": "2025-04-04 12:00:00"}, {"dt": 1743778800, "main": {"temp": 28.66, "feels_like": 27.65, "temp_min": 28.66, "temp_max": 28.66, "pressure": 1012, "sea_level": 1012, "grnd_level": 939, "humidity": 31, "temp_kf": 0}, "weather": [{"id": 801, "main": "Clouds", "description": "few clouds", "icon": "02n"}], "clouds": {"all": 17}, "wind": {"speed": 4.02, "deg": 292, "gust": 8.97}, "visibility": 10000, "pop": 0, "sys": {"pod": "n"}, "dt_txt": "2025-04-04 15:00:00"}, {"dt": 1743789600, "main": {"temp": 27.24, "feels_like": 26.66, "temp_min": 27.24, "temp_max": 27.24, "pressure": 1013, "sea_level": 1013, "grnd_level": 940, "humidity": 32, "temp_kf": 0}, "weather": [{"id": 801, "main": "Clouds", "description": "few clouds", "icon": "02n"}], "clouds": {"all": 14}, "wind": {"speed": 2.62, "deg": 314, "gust": 4.24}, "visibility": 10000, "pop": 0, "sys": {"pod": "n"}, "dt_txt": "2025-04-04 18:00:00"}, {"dt": 1743800400, "main": {"temp": 25.98, "feels_like": 25.98, "temp_min": 25.98, "temp_max": 25.98, "pressure": 1011, "sea_level": 1011, "grnd_level": 938, "humidity": 32, "temp_kf": 0}, "weather": [{"id": 800, "main": "Clear", "description": "clear sky", "icon": "01n"}], "clouds": {"all": 2}, "wind": {"speed": 2.31, "deg": 314, "gust": 2.44}, "visibility": 10000, "pop": 0, "sys": {"pod": "n"}, "dt_txt": "2025-04-04 21:00:00"}, {"dt": 1743811200, "main": {"temp": 24.85, "feels_like": 24.2, "temp_min": 24.85, "temp_max": 24.85, "pressure": 1012, "sea_level": 1012, "grnd_level": 939, "humidity": 31, "temp_kf": 0}, "weather": [{"id": 800, "main": "Clear", "description": "clear sky", "icon": "01n"}], "clouds": {"all": 3}, "wind": {"speed": 2.46, "deg": 303, "gust": 2.43}, "visibility": 10000, "pop": 0, "sys": {"pod": "n"}, "dt_txt": "2025-04-05 00:00:00"}, {"dt": 1743822000, "main": {"temp": 29.38, "feels_like": 27.78, "temp_min": 29.38, "temp_max": 29.38, "pressure": 1013, "sea_level": 1013, "grnd_level": 941, "humidity": 21, "temp_kf": 0}, "weather": [{"id": 800, "main": "Clear", "description": "clear sky", "icon": "01d"}], "clouds": {"all": 2}, "wind": {"speed": 1.91, "deg": 319, "gust": 4.38}, "visibility": 10000, "pop": 0, "sys": {"pod": "d"}, "dt_txt": "2025-04-05 03:00:00"}, {"dt": 1743832800, "main": {"temp": 35.36, "feels_like": 32.65, "temp_min": 35.36, "temp_max": 35.36, "pressure": 1012, "sea_level": 1012, "grnd_level": 940, "humidity": 10, "temp_kf": 0}, "weather": [{"id": 800, "main": "Clear", "description": "clear sky", "icon": "01d"}], "clouds": {"all": 1}, "wind": {"speed": 2.18, "deg": 10, "gust": 2.16}, "visibility": 10000, "pop": 0, "sys": {"pod": "d"}, "dt_txt": "2025-04-05 06:00:00"}, {"dt": 1743843600, "main": {"temp": 36.93, "feels_like": 33.96, "temp_min": 36.93, "temp_max": 36.93, "pressure": 1009, "sea_level": 1009, "grnd_level": 937, "humidity": 8, "temp_kf": 0}, "weather": [{"id": 800, "main": "Clear", "description": "clear sky", "icon": "01d"}], "clouds": {"all": 0}, "wind": {"speed": 0.9, "deg": 201, "gust": 2.83}, "visibility": 10000, "pop": 0, "sys": {"pod": "d"}, "dt_txt": "2025-04-05 09:00:00"}, {"dt": 1743854400, "main": {"temp": 36.86, "feels_like": 33.9, "temp_min": 36.86, "temp_max": 36.86, "pressure": 1007, "sea_level": 1007, "grnd_level": 936, "humidity": 8, "temp_kf": 0}, "weather": [{"id": 800, "main": "Clear", "description": "clear sky", "icon": "01d"}], "clouds": {"all": 0}, "wind": {"speed": 2.31, "deg": 273, "gust": 3.21}, "visibility": 10000, "pop": 0, "sys": {"pod": "d"}, "dt_txt": "2025-04-05 12:00:00"}, {"dt": 1743865200, "main": {"temp": 30.42, "feels_like": 28.47, "temp_min": 30.42, "temp_max": 30.42, "pressure": 1010, "sea_level": 1010, "grnd_level": 938, "humidity": 15, "temp_kf": 0}, "weather": [{"id": 800, "main": "Clear", "description": "clear sky", "icon": "01n"}], "clouds": {"all": 0}, "wind": {"speed": 3.92, "deg": 298, "gust": 9.19}, "visibility": 10000, "pop": 0, "sys": {"pod": "n"}, "dt_txt": "2025-04-05 15:00:00"}, {"dt": 1743876000, "main": {"temp": 28.09, "feels_like": 26.78, "temp_min": 28.09, "temp_max": 28.09, "pressure": 1011, "sea_level": 1011, "grnd_level": 939, "humidity": 19, "temp_kf": 0}, "weather": [{"id": 800, "main": "Clear", "description": "clear sky", "icon": "01n"}], "clouds": {"all": 0}, "wind": {"speed": 2.51, "deg": 279, "gust": 2.54}, "visibility": 10000, "pop": 0, "sys": {"pod": "n"}, "dt_txt": "2025-04-05 18:00:00"}, {"dt": 1743886800, "main": {"temp": 26.31, "feels_like": 26.31, "temp_min": 26.31, "temp_max": 26.31, "pressure": 1010, "sea_level": 1010, "grnd_level": 937, "humidity": 26, "temp_kf": 0}, "weather": [{"id": 800, "main": "Clear", "description": "clear sky", "icon": "01n"}], "clouds": {"all": 0}, "wind": {"speed": 2.96, "deg": 283, "gust": 3.4}, "visibility": 10000, "pop": 0, "sys": {"pod": "n"}, "dt_txt": "2025-04-05 21:00:00"}, {"dt": 1743897600, "main": {"temp": 25.26, "feels_like": 24.52, "temp_min": 25.26, "temp_max": 25.26, "pressure": 1010, "sea_level": 1010, "grnd_level": 938, "humidity": 26, "temp_kf": 0}, "weather": [{"id": 800, "main": "Clear", "description": "clear sky", "icon": "01n"}], "clouds": {"all": 0}, "wind": {"speed": 2.47, "deg": 272, "gust": 2.47}, "visibility": 10000, "pop": 0, "sys": {"pod": "n"}, "dt_txt": "2025-04-06 00:00:00"}, {"dt": 1743908400, "main": {"temp": 29.6, "feels_like": 27.95, "temp_min": 29.6, "temp_max": 29.6, "pressure": 1012, "sea_level": 1012, "grnd_level": 940, "humidity": 21, "temp_kf": 0}, "weather": [{"id": 800, "main": "Clear", "description": "clear sky", "icon": "01d"}], "clouds": {"all": 0}, "wind": {"speed": 3.14, "deg": 296, "gust": 7.31}, "visibility": 10000, "pop": 0, "sys": {"pod": "d"}, "dt_txt": "2025-04-06 03:00:00"}, {"dt": 1743919200, "main": {"temp": 36.1, "feels_like": 33.51, "temp_min": 36.1, "temp_max": 36.1, "pressure": 1011, "sea_level": 1011, "grnd_level": 939, "humidity": 13, "temp_kf": 0}, "weather": [{"id": 800, "main": "Clear", "description": "clear sky", "icon": "01d"}], "clouds": {"all": 0}, "wind": {"speed": 4.67, "deg": 333, "gust": 3.78}, "visibility": 10000, "pop": 0, "sys": {"pod": "d"}, "dt_txt": "2025-04-06 06:00:00"}, {"dt": 1743930000, "main": {"temp": 37.96, "feels_like": 35.03, "temp_min": 37.96, "temp_max": 37.96, "pressure": 1008, "sea_level": 1008, "grnd_level": 936, "humidity": 10, "temp_kf": 0}, "weather": [{"id": 800, "main": "Clear", "description": "clear sky", "icon": "01d"}], "clouds": {"all": 0}, "wind": {"speed": 4.65, "deg": 311, "gust": 3.98}, "visibility": 10000, "pop": 0, "sys": {"pod": "d"}, "dt_txt": "2025-04-06 09:00:00"}, {"dt": 1743940800, "main": {"temp": 36.74, "feels_like": 33.97, "temp_min": 36.74, "temp_max": 36.74, "pressure": 1007, "sea_level": 1007, "grnd_level": 935, "humidity": 11, "temp_kf": 0}, "weather": [{"id": 800, "main": "Clear", "description": "clear sky", "icon": "01d"}], "clouds": {"all": 5}, "wind": {"speed": 5.93, "deg": 321, "gust": 4.29}, "visibility": 10000, "pop": 0, "sys": {"pod": "d"}, "dt_txt": "2025-04-06 12:00:00"}, {"dt": 1743951600, "main": {"temp": 30.28, "feels_like": 28.8, "temp_min": 30.28, "temp_max": 30.28, "pressure": 1009, "sea_level": 1009, "grnd_level": 937, "humidity": 27, "temp_kf": 0}, "weather": [{"id": 801, "main": "Clouds", "description": "few clouds", "icon": "02n"}], "clouds": {"all": 19}, "wind": {"speed": 3.74, "deg": 286, "gust": 9.13}, "visibility": 10000, "pop": 0, "sys": {"pod": "n"}, "dt_txt": "2025-04-06 15:00:00"}, {"dt": 1743962400, "main": {"temp": 28.27, "feels_like": 27.16, "temp_min": 28.27, "temp_max": 28.27, "pressure": 1011, "sea_level": 1011, "grnd_level": 938, "humidity": 27, "temp_kf": 0}, "weather": [{"id": 800, "main": "Clear", "description": "clear sky", "icon": "01n"}], "clouds": {"all": 10}, "wind": {"speed": 2.73, "deg": 275, "gust": 3.09}, "visibility": 10000, "pop": 0, "sys": {"pod": "n"}, "dt_txt": "2025-04-06 18:00:00"}, {"dt": 1743973200, "main": {"temp": 25.93, "feels_like": 25.41, "temp_min": 25.93, "temp_max": 25.93, "pressure": 1010, "sea_level": 1010, "grnd_level": 937, "humidity": 32, "temp_kf": 0}, "weather": [{"id": 800, "main": "Clear", "description": "clear sky", "icon": "01n"}], "clouds": {"all": 0}, "wind": {"speed": 3.15, "deg": 274, "gust": 4.67}, "visibility": 10000, "pop": 0, "sys": {"pod": "n"}, "dt_txt": "2025-04-06 21:00:00"}, {"dt": 1743984000, "main": {"temp": 25.28, "feels_like": 24.67, "temp_min": 25.28, "temp_max": 25.28, "pressure": 1010, "sea_level": 1010, "grnd_level": 937, "humidity": 31, "temp_kf": 0}, "weather": [{"id": 800, "main": "Clear", "description": "clear sky", "icon": "01n"}], "clouds": {"all": 0}, "wind": {"speed": 2.8, "deg": 278, "gust": 3.2}, "visibility": 10000, "pop": 0, "sys": {"pod": "n"}, "dt_txt": "2025-04-07 00:00:00"}, {"dt": 1743994800, "main": {"temp": 30.35, "feels_like": 28.49, "temp_min": 30.35, "temp_max": 30.35, "pressure": 1012, "sea_level": 1012, "grnd_level": 939, "humidity": 19, "temp_kf": 0}, "weather": [{"id": 800, "main": "Clear", "description": "clear sky", "icon": "01d"}], "clouds": {"all": 0}, "wind": {"speed": 6.22, "deg": 328, "gust": 11.95}, "visibility": 10000, "pop": 0, "sys": {"pod": "d"}, "dt_txt": "2025-04-07 03:00:00"}, {"dt": 1744005600, "main": {"temp": 36.7, "feels_like": 33.93, "temp_min": 36.7, "temp_max": 36.7, "pressure": 1010, "sea_level": 1010, "grnd_level": 939, "humidity": 11, "temp_kf": 0}, "weather": [{"id": 800, "main": "Clear", "description": "clear sky", "icon": "01d"}], "clouds": {"all": 0}, "wind": {"speed": 6.08, "deg": 336, "gust": 5.06}, "visibility": 10000, "pop": 0, "sys": {"pod": "d"}, "dt_txt": "2025-04-07 06:00:00"}, {"dt": 1744016400, "main": {"temp": 38.69, "feels_like": 35.51, "temp_min": 38.69, "temp_max": 38.69, "pressure": 1007, "sea_level": 1007, "grnd_level": 935, "humidity": 8, "temp_kf": 0}, "weather": [{"id": 800, "main": "Clear", "description": "clear sky", "icon": "01d"}], "clouds": {"all": 0}, "wind": {"speed": 3.6, "deg": 312, "gust": 3.87}, "visibility": 10000, "pop": 0, "sys": {"pod": "d"}, "dt_txt": "2025-04-07 09:00:00"}, {"dt": 1744027200, "main": {"temp": 37.66, "feels_like": 34.67, "temp_min": 37.66, "temp_max": 37.66, "pressure": 1006, "sea_level": 1006, "grnd_level": 934, "humidity": 9, "temp_kf": 0}, "weather": [{"id": 802, "main": "Clouds", "description": "scattered clouds", "icon": "03d"}], "clouds": {"all": 27}, "wind": {"speed": 5.59, "deg": 325, "gust": 4.73}, "visibility": 10000, "pop": 0, "sys": {"pod": "d"}, "dt_txt": "2025-04-07 12:00:00"}, {"dt": 1744038000, "main": {"temp": 31.64, "feels_like": 29.48, "temp_min": 31.64, "temp_max": 31.64, "pressure": 1008, "sea_level": 1008, "grnd_level": 936, "humidity": 15, "temp_kf": 0}, "weather": [{"id": 802, "main": "Clouds", "description": "scattered clouds", "icon": "03n"}], "clouds": {"all": 31}, "wind": {"speed": 5.01, "deg": 317, "gust": 12.19}, "visibility": 10000, "pop": 0, "sys": {"pod": "n"}, "dt_txt": "2025-04-07 15:00:00"}, {"dt": 1744048800, "main": {"temp": 28.79, "feels_like": 27.3, "temp_min": 28.79, "temp_max": 28.79, "pressure": 1010, "sea_level": 1010, "grnd_level": 937, "humidity": 20, "temp_kf": 0}, "weather": [{"id": 801, "main": "Clouds", "description": "few clouds", "icon": "02n"}], "clouds": {"all": 16}, "wind": {"speed": 2.93, "deg": 293, "gust": 4.88}, "visibility": 10000, "pop": 0, "sys": {"pod": "n"}, "dt_txt": "2025-04-07 18:00:00"}, {"dt": 1744059600, "main": {"temp": 26.95, "feels_like": 26.14, "temp_min": 26.95, "temp_max": 26.95, "pressure": 1009, "sea_level": 1009, "grnd_level": 936, "humidity": 23, "temp_kf": 0}, "weather": [{"id": 800, "main": "Clear", "description": "clear sky", "icon": "01n"}], "clouds": {"all": 0}, "wind": {"speed": 3.2, "deg": 298, "gust": 4.26}, "visibility": 10000, "pop": 0, "sys": {"pod": "n"}, "dt_txt": "2025-04-07 21:00:00"}, {"dt": 1744070400, "main": {"temp": 26.31, "feels_like": 26.31, "temp_min": 26.31, "temp_max": 26.31, "pressure": 1009, "sea_level": 1009, "grnd_level": 937, "humidity": 23, "temp_kf": 0}, "weather": [{"id": 800, "main": "Clear", "description": "clear sky", "icon": "01n"}], "clouds": {"all": 1}, "wind": {"speed": 3.62, "deg": 292, "gust": 7.86}, "visibility": 10000, "pop": 0, "sys": {"pod": "n"}, "dt_txt": "2025-04-08 00:00:00"}, {"dt": 1744081200, "main": {"temp": 31.35, "feels_like": 29.24, "temp_min": 31.35, "temp_max": 31.35, "pressure": 1011, "sea_level": 1011, "grnd_level": 939, "humidity": 15, "temp_kf": 0}, "weather": [{"id": 800, "main": "Clear", "description": "clear sky", "icon": "01d"}], "clouds": {"all": 0}, "wind": {"speed": 3.65, "deg": 316, "gust": 7.86}, "visibility": 10000, "pop": 0, "sys": {"pod": "d"}, "dt_txt": "2025-04-08 03:00:00"}, {"dt": 1744092000, "main": {"temp": 37.05, "feels_like": 34.19, "temp_min": 37.05, "temp_max": 37.05, "pressure": 1011, "sea_level": 1011, "grnd_level": 939, "humidity": 10, "temp_kf": 0}, "weather": [{"id": 800, "main": "Clear", "description": "clear sky", "icon": "01d"}], "clouds": {"all": 0}, "wind": {"speed": 3.42, "deg": 71, "gust": 3.34}, "visibility": 10000, "pop": 0, "sys": {"pod": "d"}, "dt_txt": "2025-04-08 06:00:00"}, {"dt": 1744102800, "main": {"temp": 38.86, "feels_like": 35.66, "temp_min": 38.86, "temp_max": 38.86, "pressure": 1008, "sea_level": 1008, "grnd_level": 936, "humidity": 8, "temp_kf": 0}, "weather": [{"id": 800, "main": "Clear", "description": "clear sky", "icon": "01d"}], "clouds": {"all": 0}, "wind": {"speed": 2.15, "deg": 103, "gust": 3.59}, "visibility": 10000, "pop": 0, "sys": {"pod": "d"}, "dt_txt": "2025-04-08 09:00:00"}, {"dt": 1744113600, "main": {"temp": 38.63, "feels_like": 35.45, "temp_min": 38.63, "temp_max": 38.63, "pressure": 1006, "sea_level": 1006, "grnd_level": 935, "humidity": 8, "temp_kf": 0}, "weather": [{"id": 800, "main": "Clear", "description": "clear sky", "icon": "01d"}], "clouds": {"all": 0}, "wind": {"speed": 1.65, "deg": 138, "gust": 2.6}, "visibility": 10000, "pop": 0, "sys": {"pod": "d"}, "dt_txt": "2025-04-08 12:00:00"}, {"dt": 1744124400, "main": {"temp": 31.75, "feels_like": 29.63, "temp_min": 31.75, "temp_max": 31.75, "pressure": 1009, "sea_level": 1009, "grnd_level": 937, "humidity": 17, "temp_kf": 0}, "weather": [{"id": 802, "main": "Clouds", "description": "scattered clouds", "icon": "03n"}], "clouds": {"all": 45}, "wind": {"speed": 3.97, "deg": 300, "gust": 9.33}, "visibility": 10000, "pop": 0, "sys": {"pod": "n"}, "dt_txt": "2025-04-08 15:00:00"}, {"dt": 1744135200, "main": {"temp": 28.68, "feels_like": 27.25, "temp_min": 28.68, "temp_max": 28.68, "pressure": 1010, "sea_level": 1010, "grnd_level": 938, "humidity": 21, "temp_kf": 0}, "weather": [{"id": 802, "main": "Clouds", "description": "scattered clouds", "icon": "03n"}], "clouds": {"all": 26}, "wind": {"speed": 3.24, "deg": 262, "gust": 4.71}, "visibility": 10000, "pop": 0, "sys": {"pod": "n"}, "dt_txt": "2025-04-08 18:00:00"}], "city": {"id": 1261731, "name": "Nashik", "coord": {"lat": 19.9833, "lon": 73.8}, "country": "IN", "population": 1289497, "timezone": 19800, "sunrise": 1743641799, "sunset": 1743686353}}}}